N,Avg % at 10 min,Avg % at 30 min,Avg % at 60 min
1000,18.11599999999999,95.30699999999995,98.84899999999998
10000,2.2808,91.73619999999998,98.62690000000003
